InitialWolves,Run,Extinction,ExtinctionWeek,MinDeer,FinalDeer,FinalWolves,MaxWolves,TimeToDeer4000,TimeToDeer3000,MeanDeerPerWolf_Year1,MeanWeeklyDeerKilled_Year1,MeanWolfBirths_Year1,MeanWolfDeaths_Year1,MeanDeer_FinalPhase,SDDeer_FinalPhase,MeanWolves_FinalPhase
20,0,False,,611,2470,21,83,1012.0,1091.0,363.1660756956742,3.1523809523809523,0.0761904761904762,0.02857142857142857,2881.829917008299,434.59410484828607,21.033496650334968
20,1,False,,634,1910,16,84,1062.5,1161.0,356.0084932614297,4.4,0.0761904761904762,0.02857142857142857,2156.871312868713,327.95103161595057,15.340765923407659
20,2,True,0.0,218,218,0,80,1323.0,1481.0,347.20046385285946,4.257142857142857,0.08571428571428572,0.047619047619047616,292.6211232187762,52.70620058665721,1.9455155071248953
20,3,True,0.0,358,409,0,85,1465.0,1565.5,358.9244645292135,3.9523809523809526,0.09523809523809523,0.0761904761904762,407.3269391159299,34.118910200614444,2.770642201834862
20,4,False,,716,2666,23,86,1248.0,1415.5,376.157645710288,5.228571428571429,0.05714285714285714,0.02857142857142857,1890.110888911109,512.0074386202018,12.971702829717028
20,5,True,0.0,154,203,0,82,1334.0,1458.0,370.3033061967385,4.238095238095238,0.11428571428571428,0.047619047619047616,182.19452449567723,17.46186448135551,1.2406340057636887
20,6,True,0.0,426,444,0,76,1063.0,1153.0,358.3086172716325,4.485714285714286,0.08571428571428572,0.009523809523809525,489.6682615629984,25.633521249726527,3.4513556618819776
20,7,True,0.0,558,584,0,77,1238.5,1332.0,324.7590222886575,4.133333333333334,0.13333333333333333,0.0380952380952381,601.3272357723578,42.91303550860588,2.815040650406504
20,8,False,,534,1692,13,80,1179.0,1294.0,379.99703447116866,4.142857142857143,0.05714285714285714,0.01904761904761905,2229.4250574942507,984.7798996771103,15.60963903609639
20,9,False,,596,2697,19,80,1190.0,1296.5,362.4983663900555,4.066666666666666,0.08571428571428572,0.02857142857142857,2127.989801019898,267.6528611765068,14.988701129887012
20,10,True,0.0,168,188,0,91,1264.0,1369.0,359.0309384452705,4.371428571428571,0.05714285714285714,0.009523809523809525,953.5425127734835,624.9748358094072,6.13336826935674
20,11,True,0.0,211,225,0,90,1301.5,1387.0,387.46764658915777,4.019047619047619,0.0761904761904762,0.05714285714285714,283.6173361522199,52.13557291993689,1.9143763213530656
20,12,False,,478,1383,11,77,1264.5,1399.0,404.01935148401225,4.333333333333333,0.047619047619047616,0.047619047619047616,1903.090690930907,429.14028717230985,12.756624337566244
20,13,False,,387,2335,14,81,1299.5,1452.0,391.8015894203436,4.3238095238095235,0.02857142857142857,0.02857142857142857,1760.7779222077793,353.1606900215854,11.718728127187282
20,14,False,,840,1881,16,80,1303.5,1521.5,352.70470175737296,3.980952380952381,0.10476190476190476,0.05714285714285714,2222.960103989601,839.2517000924985,16.03799620037996
20,15,True,0.0,401,466,0,82,1098.5,1188.5,386.89708620248246,4.352380952380952,0.047619047619047616,0.02857142857142857,448.03115501519756,18.872228427327133,2.8335866261398177
20,16,True,0.0,526,1708,0,77,1203.5,1337.0,382.46987622129444,4.171428571428572,0.06666666666666667,0.047619047619047616,1321.6014026884864,228.20288008165778,3.0134424313267094
20,17,True,0.0,221,411,0,86,1193.5,1295.0,380.7283499162127,4.228571428571429,0.047619047619047616,0.01904761904761905,333.41545189504376,36.319387098720625,1.9322157434402332
20,18,False,,374,2114,16,81,1102.0,1203.0,363.644142937674,3.142857142857143,0.0761904761904762,0.009523809523809525,1981.5994400559944,144.61862236823595,14.858614138586141
20,19,False,,619,2198,18,84,1160.0,1257.5,353.1721344987979,4.095238095238095,0.08571428571428572,0.02857142857142857,2535.7530246975302,203.18605610892763,18.64963503649635
30,0,False,,611,2470,21,83,1012.0,1091.0,363.1660756956742,3.1523809523809523,0.0761904761904762,0.02857142857142857,2881.829917008299,434.59410484828607,21.033496650334968
30,1,False,,634,1910,16,84,1062.5,1161.0,356.0084932614297,4.4,0.0761904761904762,0.02857142857142857,2156.871312868713,327.95103161595057,15.340765923407659
30,2,True,0.0,218,218,0,80,1323.0,1481.0,347.20046385285946,4.257142857142857,0.08571428571428572,0.047619047619047616,292.6211232187762,52.70620058665721,1.9455155071248953
30,3,True,0.0,358,409,0,85,1465.0,1565.5,358.9244645292135,3.9523809523809526,0.09523809523809523,0.0761904761904762,407.3269391159299,34.118910200614444,2.770642201834862
30,4,False,,716,2666,23,86,1248.0,1415.5,376.157645710288,5.228571428571429,0.05714285714285714,0.02857142857142857,1890.110888911109,512.0074386202018,12.971702829717028
30,5,True,0.0,154,203,0,82,1334.0,1458.0,370.3033061967385,4.238095238095238,0.11428571428571428,0.047619047619047616,182.19452449567723,17.46186448135551,1.2406340057636887
30,6,True,0.0,426,444,0,76,1063.0,1153.0,358.3086172716325,4.485714285714286,0.08571428571428572,0.009523809523809525,489.6682615629984,25.633521249726527,3.4513556618819776
30,7,True,0.0,558,584,0,77,1238.5,1332.0,324.7590222886575,4.133333333333334,0.13333333333333333,0.0380952380952381,601.3272357723578,42.91303550860588,2.815040650406504
30,8,False,,534,1692,13,80,1179.0,1294.0,379.99703447116866,4.142857142857143,0.05714285714285714,0.01904761904761905,2229.4250574942507,984.7798996771103,15.60963903609639
30,9,False,,596,2697,19,80,1190.0,1296.5,362.4983663900555,4.066666666666666,0.08571428571428572,0.02857142857142857,2127.989801019898,267.6528611765068,14.988701129887012
30,10,True,0.0,168,188,0,91,1264.0,1369.0,359.0309384452705,4.371428571428571,0.05714285714285714,0.009523809523809525,953.5425127734835,624.9748358094072,6.13336826935674
30,11,True,0.0,211,225,0,90,1301.5,1387.0,387.46764658915777,4.019047619047619,0.0761904761904762,0.05714285714285714,283.6173361522199,52.13557291993689,1.9143763213530656
30,12,False,,478,1383,11,77,1264.5,1399.0,404.01935148401225,4.333333333333333,0.047619047619047616,0.047619047619047616,1903.090690930907,429.14028717230985,12.756624337566244
30,13,False,,387,2335,14,81,1299.5,1452.0,391.8015894203436,4.3238095238095235,0.02857142857142857,0.02857142857142857,1760.7779222077793,353.1606900215854,11.718728127187282
30,14,False,,840,1881,16,80,1303.5,1521.5,352.70470175737296,3.980952380952381,0.10476190476190476,0.05714285714285714,2222.960103989601,839.2517000924985,16.03799620037996
30,15,True,0.0,401,466,0,82,1098.5,1188.5,386.89708620248246,4.352380952380952,0.047619047619047616,0.02857142857142857,448.03115501519756,18.872228427327133,2.8335866261398177
30,16,True,0.0,526,1708,0,77,1203.5,1337.0,382.46987622129444,4.171428571428572,0.06666666666666667,0.047619047619047616,1321.6014026884864,228.20288008165778,3.0134424313267094
30,17,True,0.0,221,411,0,86,1193.5,1295.0,380.7283499162127,4.228571428571429,0.047619047619047616,0.01904761904761905,333.41545189504376,36.319387098720625,1.9322157434402332
30,18,False,,374,2114,16,81,1102.0,1203.0,363.644142937674,3.142857142857143,0.0761904761904762,0.009523809523809525,1981.5994400559944,144.61862236823595,14.858614138586141
30,19,False,,619,2198,18,84,1160.0,1257.5,353.1721344987979,4.095238095238095,0.08571428571428572,0.02857142857142857,2535.7530246975302,203.18605610892763,18.64963503649635
40,0,True,0.0,535,1824,0,76,943.5,1057.5,283.384448370238,5.447619047619048,0.09523809523809523,0.047619047619047616,1354.6715261958998,265.0598203670475,1.3298405466970387
40,1,True,0.0,234,554,0,82,942.5,1043.5,273.4880815214398,5.142857142857143,0.0761904761904762,0.01904761904761905,432.35673981191223,64.12999470006412,1.3648902821316615
40,2,True,0.0,448,618,0,76,1125.0,1253.5,290.04703665312525,6.390476190476191,0.0380952380952381,0.0,535.111301369863,52.34128930640703,3.7148972602739727
40,3,True,0.0,781,1721,0,75,1199.0,1352.5,294.711243546359,5.466666666666667,0.06666666666666667,0.0380952380952381,1364.2408834103749,195.5250422603585,3.9933230611196713
40,4,True,0.0,365,411,0,89,1176.0,1281.5,285.1794735180607,5.304761904761905,0.10476190476190476,0.05714285714285714,398.81930333817127,13.85142677216664,1.6407837445573294
40,5,False,,360,2295,16,83,1181.5,1312.0,276.4577262807805,5.257142857142857,0.11428571428571428,0.02857142857142857,1264.7216278372164,481.77360378209795,8.420857914208579
40,6,False,,381,2675,18,78,1185.0,1321.5,282.8167172457885,5.314285714285714,0.0761904761904762,0.02857142857142857,2190.4448555144486,502.8445823351203,15.74922507749225
40,7,True,0.0,444,451,0,85,979.5,1085.5,280.79362018473495,5.257142857142857,0.10476190476190476,0.047619047619047616,515.3383458646616,67.24286284270175,3.138560687432868
40,8,True,0.0,445,511,0,80,1152.5,1298.5,261.9539049774088,6.3619047619047615,0.10476190476190476,0.047619047619047616,504.7521865889213,32.095094598815685,2.8095238095238093
40,9,True,0.0,646,1294,0,81,1274.0,1403.0,240.78868208787262,5.285714285714286,0.1523809523809524,0.02857142857142857,994.7814207650273,82.34632102235194,5.311273021655535
40,10,True,0.0,280,495,0,81,974.0,1083.5,261.4819716356758,5.190476190476191,0.14285714285714285,0.047619047619047616,915.2490193747772,627.2835473311152,6.638060145013669
40,11,False,,898,1210,10,86,948.5,1050.5,280.87647579374146,5.352380952380952,0.08571428571428572,0.05714285714285714,1339.4165583441657,370.1650962230148,9.597240275972403
40,12,True,0.0,239,555,0,78,891.5,980.5,277.2292817857189,6.257142857142857,0.08571428571428572,0.047619047619047616,429.77645228215766,61.74093661620962,1.7095435684647302
40,13,False,,477,1301,6,75,884.0,991.0,269.0096474809166,5.428571428571429,0.13333333333333333,0.05714285714285714,1467.3073692630737,280.415486938023,10.729127087291271
40,14,False,,607,3107,19,87,1061.0,1180.5,271.4829646556905,5.180952380952381,0.10476190476190476,0.0380952380952381,1872.7828217178283,731.1808434504264,13.213278672132788
40,15,True,0.0,256,286,0,84,1023.5,1148.0,269.7964221023802,5.219047619047619,0.14285714285714285,0.06666666666666667,1954.8056511931616,1270.0989882294873,11.989908583640034
40,16,False,,744,1598,13,83,1246.5,1370.5,295.62011863281896,5.2,0.02857142857142857,0.01904761904761905,1714.1465853414659,565.0998772877135,12.758624137586242
40,17,True,0.0,340,360,0,83,1084.5,1201.5,273.10544712042014,5.447619047619048,0.11428571428571428,0.02857142857142857,428.38736591179975,81.80972967091968,2.6841477949940407
40,18,True,0.0,266,273,0,85,1143.5,1239.5,312.70422809449127,5.380952380952381,0.01904761904761905,0.05714285714285714,304.4233524355301,18.137246547845926,2.2564469914040113
40,19,True,0.0,366,1154,0,76,985.0,1077.5,255.43313423099548,5.619047619047619,0.14285714285714285,0.02857142857142857,947.3696682464455,109.78726553571592,2.7498683517640865
45,0,True,0.0,597,649,0,78,1162.5,1292.5,240.24529827878828,6.4,0.09523809523809523,0.02857142857142857,1485.8952573158426,821.4928147088061,11.531786074672048
45,1,True,0.0,291,293,0,73,1171.5,1284.0,269.8755408919405,6.419047619047619,0.05714285714285714,0.06666666666666667,317.8347260909935,13.130549145367798,2.1467038068709376
45,2,True,0.0,234,780,0,79,888.5,1004.5,257.3780421648832,5.304761904761905,0.12380952380952381,0.08571428571428572,1644.227014755959,784.2279019080312,11.355051078320091
45,3,True,0.0,716,1862,0,76,1173.5,1291.5,255.35487666965236,5.20952380952381,0.06666666666666667,0.0380952380952381,1435.761185006046,239.43298449497857,3.3458282950423217
45,4,True,0.0,397,568,0,76,1185.0,1304.0,251.4816154542224,6.161904761904762,0.0761904761904762,0.0380952380952381,504.45538057742783,45.944683731104206,2.7473753280839897
45,5,True,0.0,540,560,0,77,1014.5,1151.5,241.73091595313076,5.276190476190476,0.11428571428571428,0.06666666666666667,599.8655788655789,43.91813167882297,2.797202797202797
45,6,False,,539,2446,17,86,982.5,1093.0,235.7219733772562,6.9714285714285715,0.1523809523809524,0.02857142857142857,2070.175782421758,195.49333517399066,14.804919508049196
45,7,False,,472,1103,7,79,1049.0,1170.5,234.379115726753,6.533333333333333,0.08571428571428572,0.02857142857142857,2098.0836916308367,339.7838685032156,14.903009699030097
45,8,True,0.0,334,381,0,80,1092.5,1192.0,240.49536080535614,6.2,0.11428571428571428,0.05714285714285714,444.1631284916201,92.23751186056809,3.654748603351955
45,9,False,,684,1863,12,85,884.5,981.5,243.72660571256773,6.485714285714286,0.10476190476190476,0.047619047619047616,2350.1825817418257,560.8853555411961,16.336866313368663
45,10,True,0.0,227,240,0,83,922.0,1026.5,256.5721636692062,5.447619047619048,0.05714285714285714,0.01904761904761905,242.50169491525423,7.188890330422082,1.23954802259887
45,11,False,,615,1078,5,86,1013.0,1124.5,237.7962201670452,6.161904761904762,0.18095238095238095,0.06666666666666667,1693.2603739626038,706.0521545881863,12.21127887211279
45,12,True,0.0,332,634,0,74,1005.5,1111.0,246.2873822208178,5.761904761904762,0.08571428571428572,0.06666666666666667,2009.1270718232045,972.9844956822639,14.119537920642893
45,13,True,0.0,379,500,0,82,1109.5,1235.0,243.90909202893315,5.314285714285714,0.08571428571428572,0.02857142857142857,426.4761077324066,35.881702894040714,2.531711555169418
45,14,True,0.0,204,206,0,86,864.0,953.5,243.0508725624318,6.333333333333333,0.09523809523809523,0.01904761904761905,228.34296028880865,17.3886563327204,1.5126353790613718
45,15,True,0.0,510,1820,0,73,913.0,1036.5,251.7692080622978,6.504761904761905,0.0761904761904762,0.047619047619047616,1397.003048780488,210.00388306104117,2.674288617886179
45,16,True,0.0,377,426,0,78,989.0,1102.5,269.86287930752565,6.352380952380952,0.0761904761904762,0.05714285714285714,410.7100538599641,14.902900680549113,2.2800718132854576
45,17,False,,610,2007,12,83,865.5,979.5,253.64641969717897,6.276190476190476,0.06666666666666667,0.02857142857142857,2007.5715428457154,688.1873625010194,14.724027597240276
45,18,True,0.0,412,474,0,78,1034.5,1202.0,233.45065507742487,5.180952380952381,0.12380952380952381,0.02857142857142857,457.6008298755187,30.122162666317912,2.4854771784232366
45,19,True,0.0,443,487,0,75,825.5,927.5,258.3453205327581,6.628571428571429,0.047619047619047616,0.02857142857142857,478.36555023923444,19.191222645694097,2.9167464114832535
50,0,False,,611,1700,12,80,1191.5,1348.0,212.55132825752173,6.390476190476191,0.11428571428571428,0.047619047619047616,1930.1333866613338,571.9259006254389,13.75022497750225
50,1,False,,592,2688,17,79,1014.5,1120.0,232.78861668623497,6.228571428571429,0.06666666666666667,0.05714285714285714,2349.6097390260975,396.73863963715695,16.322267773222677
50,2,True,0.0,532,1194,0,76,890.5,990.0,205.66390836425285,6.3428571428571425,0.1619047619047619,0.0380952380952381,1220.0024044241404,306.77635828230206,7.583313296465496
50,3,False,,257,1851,11,74,806.0,885.5,226.00469748576742,7.3619047619047615,0.05714285714285714,0.047619047619047616,2329.81801819818,252.17488907365868,16.828517148285172
50,4,True,0.0,184,186,0,73,848.5,968.5,206.59581861564817,7.438095238095238,0.17142857142857143,0.009523809523809525,298.6868064118372,92.02270552362154,3.025893958076449
50,5,False,,443,2859,18,75,977.0,1080.0,227.991353831346,7.371428571428571,0.0761904761904762,0.047619047619047616,1549.6008399160085,685.0762781291544,11.029097090290971
50,6,True,0.0,575,759,0,75,899.0,1014.5,216.27272759614004,7.123809523809523,0.11428571428571428,0.0380952380952381,690.7503536067893,59.560699380572245,2.1944837340876946
50,7,False,,534,1372,10,78,1087.5,1287.0,223.3578181127656,6.3238095238095235,0.11428571428571428,0.047619047619047616,1983.930806919308,277.0646426591434,14.82011798820118
50,8,False,,536,3252,28,75,1050.5,1181.5,217.3106734071519,6.3619047619047615,0.12380952380952381,0.05714285714285714,2843.160083991601,761.924602615346,19.822017798220177
50,9,True,0.0,381,832,0,77,970.5,1077.0,221.3448907964051,5.371428571428571,0.14285714285714285,0.05714285714285714,1181.7111609646663,545.9945536231246,7.826275939427931
50,10,False,,282,779,6,87,767.5,878.0,210.62575577235935,7.257142857142857,0.19047619047619047,0.047619047619047616,1699.4495550444956,477.7321120461257,12.408259174082591
50,11,False,,365,1753,13,79,991.0,1082.5,215.81769648620377,6.4,0.08571428571428572,0.009523809523809525,2170.01099890011,536.7377593192155,14.092390760923907
50,12,True,0.0,455,575,0,82,957.0,1079.0,221.45416603231828,6.257142857142857,0.12380952380952381,0.05714285714285714,511.48120989917504,42.00017873272294,2.30980751604033
50,13,True,0.0,488,778,0,85,967.0,1068.5,212.88019073484844,6.533333333333333,0.17142857142857143,0.08571428571428572,613.3116883116883,73.60161603631131,1.1122994652406417
50,14,True,0.0,224,256,0,81,1148.0,1248.5,244.42859024442342,6.247619047619048,0.06666666666666667,0.08571428571428572,247.3463098134631,13.65463165645336,1.9748580697485807
50,15,True,0.0,799,1702,0,75,1005.0,1122.0,230.55555003407125,6.228571428571429,0.0761904761904762,0.06666666666666667,2427.845750142613,554.3269278429367,16.050656018254422
50,16,False,,646,1950,17,74,1176.0,1356.5,234.6229534810261,6.380952380952381,0.0761904761904762,0.0761904761904762,2317.934606539346,532.2520484913775,15.763223677632237
50,17,False,,437,1370,8,79,825.0,937.5,215.50330606729725,7.285714285714286,0.12380952380952381,0.06666666666666667,2335.165483451655,361.2434967061535,16.434856514348564
50,18,False,,376,1970,16,78,898.0,1008.0,230.27792618686073,7.352380952380952,0.09523809523809523,0.06666666666666667,1944.034196580342,376.19300157030693,13.849115088491152
50,19,True,0.0,398,529,0,75,1130.0,1254.0,234.2169942421367,6.295238095238095,0.06666666666666667,0.05714285714285714,459.97103918228277,34.74759819028286,2.835604770017036
